INSERT INTO MEMBER (id, role, email, password, provider, provider_id, name, nickname, residence_experience, region1dept, region2dept, region3dept, is_verified, created_at, updated_at, is_active) VALUES
(1, 'ROLE_ADMIN', 'admin@test.com', '{bcrypt}$2a$10$iC0JoLYyZ1kflTuNTtVsr.3rKS0Hl7jaCe4xjSxMWbFcYd0DOb0AO', null, null, '관리자', '관리자', null, null, null, null, true, null, null, true),
(2, 'ROLE_USER', 'user01@test.com', '{bcrypt}$2a$10$RScW/24nY32vqhHs6tlxYe7964v8rJLWPpnP1KSr6Np9oTfSYPd3C', null, null, '홍길동', '닉네임1', 'OVER_10Y', '서울특별시', '강북구', '미아동', true, '2025-06-01 10:15:00', '2025-06-01 10:15:00', true),
(3, 'ROLE_USER', 'user02@test.com', '{bcrypt}$2a$10$4dTVUJL9Rp/b8.q3upjZIuIewKcu6cBTlzskYQnasQZfZoI5RtgMK', null, null, '김영희', '닉네임2', 'Y1_TO_3', '서울특별시', '강북구', '수유1동', true, '2025-06-03 09:00:00', '2025-06-05 18:30:00', true),
(4, 'ROLE_USER', 'user03@test.com', '{bcrypt}$2a$10$RScW/24nY32vqhHs6tlxYe7964v8rJLWPpnP1KSr6Np9oTfSYPd3C', null, null, '박철수', '닉네임3', 'UNDER_1Y', '서울특별시', '강남구', '역삼동', true, '2025-07-14 10:00:00', '2025-07-14 10:00:00', true);

-- 카테고리 insert
INSERT INTO CATEGORY (id, member_id, parent_id, emoji, name, type, created_at, updated_at, is_active) VALUES
-- 기본 카테고리
(1, 1, NULL,  '🧹', '청소/정리', 'DEFAULT', '2025-02-03 07:45:00', '2025-02-03 07:45:00', true),
(2, 1, NULL, '🧺', '세탁/의류', 'DEFAULT', '2025-02-03 07:45:00', '2025-02-03 07:45:00', true),
(3, 1, NULL, '♻️', '쓰레기/환경', 'DEFAULT', '2025-02-03 07:45:00', '2025-02-03 07:45:00', true),
(4, 1, NULL, '🍳', '요리', 'DEFAULT', '2025-02-03 07:45:00', '2025-02-03 07:45:00', true),
(5, 1, NULL, '💸', '소비', 'DEFAULT', '2025-02-03 07:45:00', '2025-02-03 07:45:00', true),
(6, 1, NULL, '📄', '행정', 'DEFAULT', '2025-02-03 07:45:00', '2025-02-03 07:45:00', true),
(7, 1, NULL, '🏃🏻', '건강', 'DEFAULT', '2025-02-03 07:45:00', '2025-02-03 07:45:00', true),
(8, 1, NULL, '💡', '자기개발', 'DEFAULT', '2025-02-03 07:45:00', '2025-02-03 07:45:00', true),
(9, 1, NULL, '👜', '외출', 'DEFAULT', '2025-02-03 07:45:00', '2025-02-03 07:45:00', true),
(10, 1, NULL, '🗃️', '기타', 'DEFAULT', '2025-02-03 07:45:00', '2025-02-03 07:45:00', true),
-- 2 사용자의 커스텀 카테고리
(11, 2, 1, '🚽', '화장실 청소', 'SUB', '2025-02-03 07:45:00', '2025-02-03 07:45:00', true),
(12, 2, 2, '👙', '속옷 세탁', 'SUB', '2025-02-03 07:45:00', '2025-02-03 07:45:00', true),
(13, 2, 3, '🗑️', '음식물 쓰레기', 'SUB', '2025-02-03 07:45:00', '2025-02-03 07:45:00', true),
(14, 2, 7, '💊', '영양제', 'SUB', '2025-02-03 07:45:00', '2025-02-03 07:45:00', true),
(15, 2, 8, '🐶', '강아지 산책', 'SUB', '2025-02-03 07:45:00', '2025-02-03 07:45:00', true),
--  3 사용자의 커스텀 카테고리
(16, 3, NULL, '🐈', '고양이', 'MAJOR', '2025-02-03 07:45:00', '2025-02-03 07:45:00', true),
(17, 3, NULL, '🏋', '헬스', 'MAJOR', '2025-02-03 07:45:00', '2025-02-03 07:45:00', true),
(18, 3, 16, '🙆🏻‍♂️', '스트레칭', 'SUB', '2025-02-03 07:45:00', '2025-02-03 07:45:00', true),
(19, 3, 16, '🏃🏻', '런닝', 'SUB', '2025-02-03 07:45:00', '2025-02-03 07:45:00', true),
(20, 3, 1, '🛏️', '침구 정리', 'SUB', '2025-02-03 07:45:00', '2025-02-03 07:45:00', true);


-- ROUTINE_PRESET 테스트 데이터 (PostgreSQL)
-- 카테고리: 1=청소/정리, 2=세탁/의류, 3=쓰레기/환경, 4=요리, 5=소비, 6=행정, 7=건강, 8=외출, 9=기타

INSERT INTO ROUTINE_PRESET (
    id, category_id, content, is_active, created_at, updated_at,
    is_important, trigger_time, repeat_term, repeat_type, repeat_value
) VALUES
      (1, 1, '방 청소하기', true, '2025-01-01 00:00:00', '2025-01-01 00:00:00', false, '08:00', 1, 'DAILY', '1'),
      (2, 1, '화장실 청소하기', true, '2025-01-01 00:00:00', '2025-01-01 00:00:00', false, '08:00', 1, 'DAILY', '1'),
      (3, 1, '부엌 정리하기', true, '2025-01-01 00:00:00', '2025-01-01 00:00:00', false, '08:00', 1, 'DAILY', '1'),
      (4, 1, '책상 정리하기', true, '2025-01-01 00:00:00', '2025-01-01 00:00:00', false, '08:00', 1, 'DAILY', '1'),
      (5, 1, '침실 정리하기', true, '2025-01-01 00:00:00', '2025-01-01 00:00:00', false, '08:00', 1, 'DAILY', '1'),
      (6, 2, '빨래하기', true, '2025-01-01 00:00:00', '2025-01-01 00:00:00', false, '08:00', 1, 'DAILY', '1'),
      (7, 2, '빨래 널기', true, '2025-01-01 00:00:00', '2025-01-01 00:00:00', false, '08:00', 1, 'DAILY', '1'),
      (8, 2, '빨래 개기', true, '2025-01-01 00:00:00', '2025-01-01 00:00:00', false, '08:00', 1, 'DAILY', '1'),
      (9, 2, '옷장 정리하기', true, '2025-01-01 00:00:00', '2025-01-01 00:00:00', false, '08:00', 1, 'DAILY', '1'),
      (10, 2, '다림질하기', true, '2025-01-01 00:00:00', '2025-01-01 00:00:00', false, '08:00', 1, 'DAILY', '1'),
      (11, 3, '분리수거하기', true, '2025-01-01 00:00:00', '2025-01-01 00:00:00', false, '08:00', 1, 'DAILY', '1'),
      (12, 3, '쓰레기 버리기', true, '2025-01-01 00:00:00', '2025-01-01 00:00:00', false, '08:00', 1, 'DAILY', '1'),
      (13, 3, '재활용품 분류하기', true, '2025-01-01 00:00:00', '2025-01-01 00:00:00', false, '08:00', 1, 'DAILY', '1'),
      (14, 3, '음식물 쓰레기 버리기', true, '2025-01-01 00:00:00', '2025-01-01 00:00:00', false, '08:00', 1, 'DAILY', '1'),
      (15, 3, '대형 폐기물 처리하기', true, '2025-01-01 00:00:00', '2025-01-01 00:00:00', false, '08:00', 1, 'DAILY', '1'),
      (16, 4, '아침 준비하기', true, '2025-01-01 00:00:00', '2025-01-01 00:00:00', false, '08:00', 1, 'DAILY', '1'),
      (17, 4, '점심 준비하기', true, '2025-01-01 00:00:00', '2025-01-01 00:00:00', false, '08:00', 1, 'DAILY', '1'),
      (18, 4, '저녁 준비하기', true, '2025-01-01 00:00:00', '2025-01-01 00:00:00', false, '08:00', 1, 'DAILY', '1'),
      (19, 4, '식재료 준비하기', true, '2025-01-01 00:00:00', '2025-01-01 00:00:00', false, '08:00', 1, 'DAILY', '1'),
      (20, 4, '설거지하기', true, '2025-01-01 00:00:00', '2025-01-01 00:00:00', false, '08:00', 1, 'DAILY', '1'),
      (21, 5, '가계부 작성하기', true, '2025-01-01 00:00:00', '2025-01-01 00:00:00', false, '08:00', 1, 'DAILY', '1'),
      (22, 5, '생필품 구매하기', true, '2025-01-01 00:00:00', '2025-01-01 00:00:00', false, '08:00', 1, 'DAILY', '1'),
      (23, 5, '용돈 관리하기', true, '2025-01-01 00:00:00', '2025-01-01 00:00:00', false, '08:00', 1, 'DAILY', '1'),
      (24, 5, '온라인 쇼핑하기', true, '2025-01-01 00:00:00', '2025-01-01 00:00:00', false, '08:00', 1, 'DAILY', '1'),
      (25, 5, '할인 정보 확인하기', true, '2025-01-01 00:00:00', '2025-01-01 00:00:00', false, '08:00', 1, 'DAILY', '1'),
      (26, 6, '우편물 확인하기', true, '2025-01-01 00:00:00', '2025-01-01 00:00:00', false, '08:00', 1, 'DAILY', '1'),
      (27, 6, '공과금 납부하기', true, '2025-01-01 00:00:00', '2025-01-01 00:00:00', false, '08:00', 1, 'DAILY', '1'),
      (28, 6, '서류 정리하기', true, '2025-01-01 00:00:00', '2025-01-01 00:00:00', false, '08:00', 1, 'DAILY', '1'),
      (29, 6, '은행 업무 처리하기', true, '2025-01-01 00:00:00', '2025-01-01 00:00:00', false, '08:00', 1, 'DAILY', '1'),
      (30, 6, '보험 관련 업무하기', true, '2025-01-01 00:00:00', '2025-01-01 00:00:00', false, '08:00', 1, 'DAILY', '1'),
      (31, 7, '운동하기', true, '2025-01-01 00:00:00', '2025-01-01 00:00:00', false, '08:00', 1, 'DAILY', '1'),
      (32, 7, '물 마시기', true, '2025-01-01 00:00:00', '2025-01-01 00:00:00', false, '08:00', 1, 'DAILY', '1'),
      (33, 7, '스트레칭하기', true, '2025-01-01 00:00:00', '2025-01-01 00:00:00', false, '08:00', 1, 'DAILY', '1'),
      (34, 7, '일찍 자기', true, '2025-01-01 00:00:00', '2025-01-01 00:00:00', false, '08:00', 1, 'DAILY', '1'),
      (35, 7, '비타민 챙겨먹기', true, '2025-01-01 00:00:00', '2025-01-01 00:00:00', false, '08:00', 1, 'DAILY', '1'),
      (36, 8, '외출 준비하기', true, '2025-01-01 00:00:00', '2025-01-01 00:00:00', false, '08:00', 1, 'DAILY', '1'),
      (37, 8, '장보기', true, '2025-01-01 00:00:00', '2025-01-01 00:00:00', false, '08:00', 1, 'DAILY', '1'),
      (38, 8, '산책하기', true, '2025-01-01 00:00:00', '2025-01-01 00:00:00', false, '08:00', 1, 'DAILY', '1'),
      (39, 8, '약국 가기', true, '2025-01-01 00:00:00', '2025-01-01 00:00:00', false, '08:00', 1, 'DAILY', '1'),
      (40, 8, '우체국 가기', true, '2025-01-01 00:00:00', '2025-01-01 00:00:00', false, '08:00', 1, 'DAILY', '1'),
      (41, 9, '일기 쓰기', true, '2025-01-01 00:00:00', '2025-01-01 00:00:00', false, '08:00', 1, 'DAILY', '1'),
      (42, 9, '독서하기', true, '2025-01-01 00:00:00', '2025-01-01 00:00:00', false, '08:00', 1, 'DAILY', '1'),
      (43, 9, '취미 활동하기', true, '2025-01-01 00:00:00', '2025-01-01 00:00:00', false, '08:00', 1, 'DAILY', '1'),
      (44, 9, '명상하기', true, '2025-01-01 00:00:00', '2025-01-01 00:00:00', false, '08:00', 1, 'DAILY', '1'),
      (45, 9, '친구와 연락하기', true, '2025-01-01 00:00:00', '2025-01-01 00:00:00', false, '08:00', 1, 'DAILY', '1');


-- ROUTINE 테스트 데이터 (PostgreSQL)
-- member_id: 10000, 10001
-- category_id: 1=청소/정리, 2=세탁/의류, 3=쓰레기/환경, 4=요리, 5=소비, 6=행정, 7=건강, 8=외출, 9=기타
-- repeat_type: DAILY, WEEKLY, MONTHLY

INSERT INTO ROUTINE (
    id, member_id, category_id, content, trigger_time, is_important,
    repeat_type, repeat_value, is_active,
    init_date, repeat_term,
    created_at, updated_at
) VALUES
      (1, 2, 7, '물 마시기', '눈 뜨자마자', true, 'DAILY', null, true, '2025-06-01', 1, '2025-07-23 04:21:56', '2025-07-23 04:21:56'),
      (2, 2, 7, '일찍 자기', '23:00', true, 'DAILY', null, true, '2025-06-01', 1, '2025-07-23 04:21:56', '2025-07-23 04:21:56'),
      (3, 2, 4, '아침 준비하기', '07:30', false, 'WEEKLY', '1,3,5', true, '2025-06-02', 1, '2025-07-23 04:21:56', '2025-07-23 04:21:56'),
      (4, 2, 2, '빨래하기', '10:00', false, 'WEEKLY', '7', true, '2025-06-03', 1, '2025-07-23 04:21:56', '2025-07-23 04:21:56'),
      (5, 2, 6, '공과금 납부하기', '10:00', true, 'MONTHLY', '5', true, '2025-06-07', 1, '2025-07-23 04:21:56', '2025-07-23 04:21:56'),
      (6, 2, 8, '장보기', '11:00', false, 'WEEKLY', '1,5', true, '2025-06-09', 1, '2025-07-23 04:21:56', '2025-07-23 04:21:56'),
      (7, 2, 1, '부엌 정리하기', '21:30', false, 'WEEKLY', '3,7', true, '2025-06-20', 1, '2025-07-23 04:21:56', '2025-07-23 04:21:56'),
      (8, 2, 9, '명상하기', '06:30', true, 'WEEKLY', '1,3,5', true, '2025-06-23', 1, '2025-07-23 04:21:56', '2025-07-23 04:21:56'),
      (9, 2, 5, '가계부 작성하기', '21:00', false, 'MONTHLY', '1,15', true, '2025-06-08', 1, '2025-07-23 04:21:56', '2025-07-23 04:21:56'),
      (10, 3, 7, '스트레칭하기', '07:00', true, 'DAILY', null, true, '2025-06-10', 1, '2025-07-23 04:21:56', '2025-07-23 04:21:56'),
      (11, 3, 9, '일기 쓰기', '22:30', false, 'DAILY', null, true, '2025-06-10', 1, '2025-07-23 04:21:56', '2025-07-23 04:21:56'),
      (12, 3, 1, '화장실 청소하기', '13:00', false, 'WEEKLY', '7', true, '2025-06-12', 1, '2025-07-23 04:21:56', '2025-07-23 04:21:56'),
      (13, 3, 4, '설거지하기', '20:00', false, 'DAILY', null, true, '2025-06-11', 1, '2025-07-23 04:21:56', '2025-07-23 04:21:56'),
      (14, 3, 2, '빨래 개기', '15:00', false, 'WEEKLY', '1,4', true, '2025-06-13', 1, '2025-07-23 04:21:56', '2025-07-23 04:21:56'),
      (15, 3, 3, '쓰레기 버리기', '08:30', false, 'WEEKLY', '2,5', true, '2025-06-14', 1, '2025-07-23 04:21:56', '2025-07-23 04:21:56'),
      (16, 3, 8, '산책하기', '17:30', true, 'WEEKLY', '1,3,5,7', true, '2025-06-15', 1, '2025-07-23 04:21:56', '2025-07-23 04:21:56'),
      (17, 3, 9, '독서하기', '21:00', true, 'WEEKLY', '6,7', true, '2025-06-18', 1, '2025-07-23 04:21:56', '2025-07-23 04:21:56'),
      (18, 3, 4, '저녁 준비하기', '18:30', true, 'WEEKLY', '1,2,3,4,5', true, '2025-06-21', 1, '2025-07-23 04:21:56', '2025-07-23 04:21:56'),
      (19, 3, 6, '우편물 확인하기', '09:00', false, 'WEEKLY', '1', true, '2025-06-22', 1, '2025-07-23 04:21:56', '2025-07-23 04:21:56'),
      (20, 3, 6, '서류 정리하기', '16:00', false, 'MONTHLY', '10', true, '2025-06-16', 1, '2025-07-23 04:21:56', '2025-07-23 04:21:56'),
      (21, 4, 1, '고양이 화장실 청소', '09:00', false, 'DAILY', null, true, '2025-07-01', 1, '2025-07-23 04:21:56', '2025-07-23 04:21:56'),
      (22, 4, 16, '헬스장 가기', '18:00', true, 'WEEKLY', '2,4,6', true, '2025-07-03', 1, '2025-07-23 04:21:56', '2025-07-23 04:21:56'),
      (23, 4, 17, '스트레칭', '07:30', true, 'DAILY', null, true, '2025-07-04', 1, '2025-07-23 04:21:56', '2025-07-23 04:21:56'),
      (24, 4, 17, '런닝머신 뛰기', '08:00', false, 'WEEKLY', '1,3,5', true, '2025-07-05', 1, '2025-07-23 04:21:56', '2025-07-23 04:21:56'),
      (25, 4, 9, '고양이와 놀기', '20:00', false, 'MONTHLY', '15', true, '2025-07-07', 1, '2025-07-23 04:21:56', '2025-07-23 04:21:56'),
      (26, 3, 17, '서브 루틴 1', '08:00', true, 'DAILY', null, true, '2025-07-01', 1, '2025-07-23 04:32:21', '2025-07-23 04:32:21'),

-- ROUTINE_SCHEDULE 테스트 데이터 (PostgreSQL)
-- 2025년 7월 1일~15일 기간의 스케줄 데이터
-- repeat_type과 repeat_value에 따라 자동 생성된 스케줄들


INSERT INTO ROUTINE_SCHEDULE (id, routine_id, scheduled_date, is_done) VALUES

-- 10000 멤버의 매일 루틴들 (routine_id: 1,2,3,4)
-- routine_id=1: 물 마시기 (DAILY)
(1, 1, '2025-07-01', true),
(2, 1, '2025-07-02', true),
(3, 1, '2025-07-03', false),
(4, 1, '2025-07-04', true),
(5, 1, '2025-07-05', true),
(6, 1, '2025-07-06', true),
(7, 1, '2025-07-07', false),
(8, 1, '2025-07-08', true),
(9, 1, '2025-07-09', true),
(10, 1, '2025-07-10', true),

-- routine_id=2: 일찍 자기 (DAILY)
(11, 2, '2025-07-01', false),
(12, 2, '2025-07-02', true),
(13, 2, '2025-07-03', true),
(14, 2, '2025-07-04', false),
(15, 2, '2025-07-05', true),
(16, 2, '2025-07-06', false),
(17, 2, '2025-07-07', false),
(18, 2, '2025-07-08', true),
(19, 2, '2025-07-09', true),
(20, 2, '2025-07-10', true),

-- routine_id=3: 아침 준비하기 (DAILY)
(21, 3, '2025-07-01', true),
(22, 3, '2025-07-02', true),
(23, 3, '2025-07-03', true),
(24, 3, '2025-07-04', false),
(25, 3, '2025-07-05', true),
(26, 3, '2025-07-06', false),
(27, 3, '2025-07-07', false),
(28, 3, '2025-07-08', true),
(29, 3, '2025-07-09', true),
(30, 3, '2025-07-10', true),

-- 10000 멤버의 매주 루틴들
-- routine_id=5: 빨래하기 (WEEKLY, "7" = 일요일)
(31, 5, '2025-07-06', true),
(32, 5, '2025-07-13', false),

-- routine_id=6: 분리수거하기 (WEEKLY, "3,6" = 수요일,토요일)
(33, 6, '2025-07-02', true),
(34, 6, '2025-07-05', true),
(35, 6, '2025-07-09', false),
(36, 6, '2025-07-12', true),

-- routine_id=7: 방 청소하기 (WEEKLY, "6" = 토요일)
(37, 7, '2025-07-05', true),
(38, 7, '2025-07-12', false),

-- routine_id=8: 운동하기 (WEEKLY, "2,4,6" = 화,목,토)
(39, 8, '2025-07-01', true),
(40, 8, '2025-07-03', false),
(41, 8, '2025-07-05', true),
(42, 8, '2025-07-08', true),
(43, 8, '2025-07-10', false),
(44, 8, '2025-07-12', true),

-- routine_id=9: 장보기 (WEEKLY, "1,5" = 월,금)
(45, 9, '2025-07-04', true),
(46, 9, '2025-07-07', true),
(47, 9, '2025-07-11', true),
(48, 9, '2025-07-14', false),

-- 10000 멤버의 매월 루틴들
-- routine_id=12: 공과금 납부하기 (MONTHLY, "5" = 매월 5일)
(49, 12, '2025-07-05', true),

-- routine_id=13: 가계부 작성하기 (MONTHLY, "1,15" = 매월 1일,15일)
(50, 13, '2025-07-01', false),
(51, 13, '2025-07-15', true),

-- 10001 멤버의 매일 루틴들 (routine_id: 14,15,16)
-- routine_id=14: 스트레칭하기 (DAILY)
(52, 14, '2025-07-01', true),
(53, 14, '2025-07-02', true),
(54, 14, '2025-07-03', true),
(55, 14, '2025-07-04', false),
(56, 14, '2025-07-05', true),
(57, 14, '2025-07-06', true),
(58, 14, '2025-07-07', false),
(59, 14, '2025-07-08', true),
(60, 14, '2025-07-09', true),
(61, 14, '2025-07-10', true),

-- routine_id=15: 일기 쓰기 (DAILY)
(62, 15, '2025-07-01', false),
(63, 15, '2025-07-02', true),
(64, 15, '2025-07-03', false),
(65, 15, '2025-07-04', true),
(66, 15, '2025-07-05', true),
(67, 15, '2025-07-06', false),
(68, 15, '2025-07-07', true),
(69, 15, '2025-07-08', true),
(70, 15, '2025-07-09', false),
(71, 15, '2025-07-10', true),

-- 10001 멤버의 매주 루틴들
-- routine_id=17: 화장실 청소하기 (WEEKLY, "7" = 일요일)
(72, 17, '2025-07-06', true),
(73, 17, '2025-07-13', false),

-- routine_id=18: 빨래 개기 (WEEKLY, "1,4" = 월,목)
(74, 18, '2025-07-03', true),
(75, 18, '2025-07-07', false),
(76, 18, '2025-07-10', true),
(77, 18, '2025-07-14', true),

-- routine_id=19: 쓰레기 버리기 (WEEKLY, "2,5" = 화,금)
(78, 19, '2025-07-01', true),
(79, 19, '2025-07-04', true),
(80, 19, '2025-07-08', false),
(81, 19, '2025-07-11', true),

-- routine_id=20: 산책하기 (WEEKLY, "1,3,5,7" = 월,수,금,일)
(82, 20, '2025-07-02', true),
(83, 20, '2025-07-04', true),
(84, 20, '2025-07-06', false),
(85, 20, '2025-07-09', true),
(86, 20, '2025-07-11', true),
(87, 20, '2025-07-13', false),

-- routine_id=21: 독서하기 (WEEKLY, "6,7" = 토,일)
(88, 21, '2025-07-05', true),
(89, 21, '2025-07-06', false),
(90, 21, '2025-07-12', true),
(91, 21, '2025-07-13', true),

-- 10001 멤버의 매월 루틴들
-- routine_id=24: 서류 정리하기 (MONTHLY, "10" = 매월 10일)
(92, 24, '2025-07-10', false),

-- DAILY: routine_id = 1, 2 (계속 반복됨)
(93, 1, '2025-07-28', true),
(94, 1, '2025-07-29', false),
(95, 1, '2025-07-30', true),
(96, 2, '2025-07-28', false),
(97, 2, '2025-07-29', true),
(98, 2, '2025-07-30', true),

-- WEEKLY
-- routine_id = 3 (1,3,5) → 월, 수
(99, 3, '2025-07-28', false),
(100, 3, '2025-07-30', true),

-- routine_id = 6 (1,5) → 월
(101, 6, '2025-07-28', true),

-- routine_id = 7 (3,7) → 수
(102, 7, '2025-07-30', false),

-- routine_id = 8 (1,3,5) → 월, 수
(103, 8, '2025-07-28', true),
(104, 8, '2025-07-30', false),
-- DAILY: 10,11,13
(105, 10, '2025-07-28', true),
  (106, 10, '2025-07-29', false),
  (107, 10, '2025-07-30', false),
  (108, 11, '2025-07-28', true),
  (109, 11, '2025-07-29', true),
  (110, 11, '2025-07-30', false),
  (111, 13, '2025-07-28', true),
  (112, 13, '2025-07-29', true),
  (113, 13, '2025-07-30', true),

  -- WEEKLY
  (114, 14, '2025-07-28', true), -- 월
  (115, 15, '2025-07-29', true), -- 화
  (116, 16, '2025-07-28', false), -- 월
  (117, 16, '2025-07-30', false), -- 수
  (118, 18, '2025-07-28', true), -- 월
  (119, 18, '2025-07-29', true), -- 화
  (120, 18, '2025-07-30', false), -- 수
  (121, 19, '2025-07-28', true)  -- 월
;

-- 선호 카테고리 insert
INSERT INTO INTEREST_CATEGORY (id, member_id, category_id, created_at, updated_at, is_active) VALUES
-- 2 회원의 선호 카테고리
  (1, 2, 1, '2025-02-03 07:45:00', '2025-02-03 07:45:00', true),
  (2, 2, 2, '2025-02-03 07:45:00', '2025-02-03 07:45:00', true),
  (3, 2, 3, '2025-02-03 07:45:00', '2025-02-03 07:45:00', true),
-- 3 회원의 선호 카테고리
  (4, 3, 2, '2025-02-03 07:45:00', '2025-02-03 07:45:00', true),
  (5, 3, 5, '2025-02-03 07:45:00', '2025-02-03 07:45:00', true);


-- 멤버 포인트 insert
INSERT INTO MEMBER_POINT (id, member_id, point, created_at, updated_at, is_active) VALUES
(1, 2, 500, '2025-02-03 07:45:00', '2025-02-03 07:45:00', true),
(2, 3, 12500, '2025-02-03 07:45:00', '2025-02-03 07:45:00', true);


-- 포인트 정책 insert
INSERT INTO POINT_POLICY (id, reference_key, type, point, created_at, updated_at, is_active) VALUES
-- 루틴
(1, NULL, 'ROUTINE', 50, '2025-02-03 07:45:00', '2025-02-03 07:45:00', true),
-- 업적
(2, 'CLEAN_BRONZE', 'BADGE', 100, '2025-07-01 00:00:00', '2025-07-01 00:00:00', true),
(3, 'CLEAN_SILVER', 'BADGE', 200, '2025-07-01 00:00:00', '2025-07-01 00:00:00', true),
(4, 'CLEAN_GOLD', 'BADGE', 300, '2025-07-01 00:00:00', '2025-07-01 00:00:00', true),
(5, 'CLEAN_PLATINUM', 'BADGE', 500, '2025-07-01 00:00:00', '2025-07-01 00:00:00', true),

-- 세탁/의류
(6, 'LAUNDRY_BRONZE', 'BADGE', 100, '2025-07-01 00:00:00', '2025-07-01 00:00:00', true),
(7, 'LAUNDRY_SILVER', 'BADGE', 200, '2025-07-01 00:00:00', '2025-07-01 00:00:00', true),
(8, 'LAUNDRY_GOLD', 'BADGE', 300, '2025-07-01 00:00:00', '2025-07-01 00:00:00', true),
(9, 'LAUNDRY_PLATINUM', 'BADGE', 500, '2025-07-01 00:00:00', '2025-07-01 00:00:00', true),

-- 쓰레기/환경
(10, 'ECO_BRONZE', 'BADGE', 100, '2025-07-01 00:00:00', '2025-07-01 00:00:00', true),
(11, 'ECO_SILVER', 'BADGE', 200, '2025-07-01 00:00:00', '2025-07-01 00:00:00', true),
(12, 'ECO_GOLD', 'BADGE', 300, '2025-07-01 00:00:00', '2025-07-01 00:00:00', true),
(13, 'ECO_PLATINUM', 'BADGE', 500, '2025-07-01 00:00:00', '2025-07-01 00:00:00', true),

-- 요리
(14, 'COOK_BRONZE', 'BADGE', 100, '2025-07-01 00:00:00', '2025-07-01 00:00:00', true),
(15, 'COOK_SILVER', 'BADGE', 200, '2025-07-01 00:00:00', '2025-07-01 00:00:00', true),
(16, 'COOK_GOLD', 'BADGE', 300, '2025-07-01 00:00:00', '2025-07-01 00:00:00', true),
(17, 'COOK_PLATINUM', 'BADGE', 500, '2025-07-01 00:00:00', '2025-07-01 00:00:00', true),

-- 소비
(18, 'EXPENSE_BRONZE', 'BADGE', 100, '2025-07-01 00:00:00', '2025-07-01 00:00:00', true),
(19, 'EXPENSE_SILVER', 'BADGE', 200, '2025-07-01 00:00:00', '2025-07-01 00:00:00', true),
(20, 'EXPENSE_GOLD', 'BADGE', 300, '2025-07-01 00:00:00', '2025-07-01 00:00:00', true),
(21, 'EXPENSE_PLATINUM', 'BADGE', 500, '2025-07-01 00:00:00', '2025-07-01 00:00:00', true),

-- 행정
(22, 'OFFICE_BRONZE', 'BADGE', 100, '2025-07-01 00:00:00', '2025-07-01 00:00:00', true),
(23, 'OFFICE_SILVER', 'BADGE', 200, '2025-07-01 00:00:00', '2025-07-01 00:00:00', true),
(24, 'OFFICE_GOLD', 'BADGE', 300, '2025-07-01 00:00:00', '2025-07-01 00:00:00', true),
(25, 'OFFICE_PLATINUM', 'BADGE', 500, '2025-07-01 00:00:00', '2025-07-01 00:00:00', true),

-- 건강
(26, 'HEALTH_BRONZE', 'BADGE', 100, '2025-07-01 00:00:00', '2025-07-01 00:00:00', true),
(27, 'HEALTH_SILVER', 'BADGE', 200, '2025-07-01 00:00:00', '2025-07-01 00:00:00', true),
(28, 'HEALTH_GOLD', 'BADGE', 300, '2025-07-01 00:00:00', '2025-07-01 00:00:00', true),
(29, 'HEALTH_PLATINUM', 'BADGE', 500, '2025-07-01 00:00:00', '2025-07-01 00:00:00', true),

-- 자기개발
(30, 'GROWTH_BRONZE', 'BADGE', 100, '2025-07-01 00:00:00', '2025-07-01 00:00:00', true),
(31, 'GROWTH_SILVER', 'BADGE', 200, '2025-07-01 00:00:00', '2025-07-01 00:00:00', true),
(32, 'GROWTH_GOLD', 'BADGE', 300, '2025-07-01 00:00:00', '2025-07-01 00:00:00', true),
(33, 'GROWTH_PLATINUM', 'BADGE', 500, '2025-07-01 00:00:00', '2025-07-01 00:00:00', true),

-- 외출
(34, 'OUTING_BRONZE', 'BADGE', 100, '2025-07-01 00:00:00', '2025-07-01 00:00:00', true),
(35, 'OUTING_SILVER', 'BADGE', 200, '2025-07-01 00:00:00', '2025-07-01 00:00:00', true),
(36, 'OUTING_GOLD', 'BADGE', 300, '2025-07-01 00:00:00', '2025-07-01 00:00:00', true),
(37, 'OUTING_PLATINUM', 'BADGE', 500, '2025-07-01 00:00:00', '2025-07-01 00:00:00', true),

-- 출석
(38, 'STREAK_BRONZE', 'BADGE', 100, '2025-07-01 00:00:00', '2025-07-01 00:00:00', true),
(39, 'STREAK_SILVER', 'BADGE', 200, '2025-07-01 00:00:00', '2025-07-01 00:00:00', true),
(40, 'STREAK_GOLD', 'BADGE', 300, '2025-07-01 00:00:00', '2025-07-01 00:00:00', true),
(41, 'STREAK_PLATINUM', 'BADGE', 500, '2025-07-01 00:00:00', '2025-07-01 00:00:00', true),

-- 주간퀘
(42, 'weekly_clean_count_1', 'WEEKLY', 50, '2025-02-03 07:45:00', '2025-02-03 07:45:00', true),
(43, 'weekly_clothes_count_2', 'WEEKLY', 50, '2025-02-03 07:45:00', '2025-02-03 07:45:00', true),
(44, 'weekly_login_streak_3', 'WEEKLY', 50, '2025-02-03 07:45:00', '2025-02-03 07:45:00', true),
(45, 'weekly_complete', 'WEEKLY', 50, '2025-02-03 07:45:00', '2025-02-03 07:45:00', true),
(46, 'weekly_health_count_3', 'WEEKLY', 50, '2025-02-03 07:45:00', '2025-02-03 07:45:00', true),
(47, 'weekly_clothes_count_4', 'WEEKLY', 50, '2025-02-03 07:45:00', '2025-02-03 07:45:00', true),
--이벤퀘
(48, 'event_2025_summer_login', 'EVENT', 100, '2025-02-03 07:45:00', '2025-02-03 07:45:00', true),
(49, 'event_summer_icebox', 'EVENT', 100, '2025-02-03 07:45:00', '2025-02-03 07:45:00', true);

INSERT INTO WEEKLY_QUEST (id, category_id, key, name, type, target, created_at, updated_at, is_active) VALUES
(1, 1, 'weekly_clean_count_1', '청소 루틴 1번 이상 완료', 'CATEGORY_COUNT', 1, NOW(), NOW(), true),
(2, 2, 'weekly_clothes_count_2', '세탁 루틴 2번 이상 완료', 'CATEGORY_COUNT', 2, NOW(), NOW(), true),
(3, null, 'weekly_login_streak_3', '연속 3일 로그인', 'LOGIN_STREAK', 3, NOW(), NOW(), true),
(4, null, 'weekly_complete', '하루 이상 루틴 완료율 100% 달성', 'COMPLETE_COUNT', 1, NOW(), NOW(), true),
(5, 7, 'weekly_health_count_3', '건강 루틴 3번 완료', 'CATEGORY_COUNT', 3, NOW(), NOW(), true),
(6, 2, 'weekly_clothes_count_4', '세탁/의류 루틴 4번 완료', 'CATEGORY_COUNT', 4, NOW(), NOW(), true);


INSERT INTO EVENT_QUEST (id, category_id, key, name, type, target, start_date, end_date, created_at, updated_at, is_active) VALUES
(1, null, 'event_2025_summer_login', '무더위에도 꾸준한 루틴 실천! 매일 출석 이벤트', 'LOGIN_COUNT', 7, '2025-07-24', '2025-07-31', NOW(), NOW(), true),
(2, 1, 'event_summer_icebox', '여름철 식중독 예방을 위한 냉장고 정리 미션!', 'CATEGORY_COUNT', 7, '2025-07-24', '2025-07-31', NOW(), NOW(), true);


--INSERT INTO WEEKLY_QUEST_PROGRESS (id, member_id, weekly_quest_id, progress, is_done, start_at, end_at, created_at, updated_at, is_active) VALUES
--(1, 2, 1, 0, false, '2025-07-21 00:00:00', '2025-07-27 23:59:59', NOW(), NOW(), true),
--(2, 2, 2, 0, false, '2025-07-21 00:00:00', '2025-07-27 23:59:59', NOW(), NOW(), true),
--(3, 2, 3, 0, false, '2025-07-21 00:00:00', '2025-07-27 23:59:59', NOW(), NOW(), true),
--(4, 2, 4, 0, false, '2025-07-21 00:00:00', '2025-07-27 23:59:59', NOW(), NOW(), true),
--
--(5, 3, 1, 0, false, '2025-07-21 00:00:00', '2025-07-27 23:59:59', NOW(), NOW(), true),
--(6, 3, 2, 0, true, '2025-07-21 00:00:00', '2025-07-27 23:59:59', NOW(), NOW(), true),
--(7, 3, 3, 0, false, '2025-07-21 00:00:00', '2025-07-27 23:59:59', NOW(), NOW(), true);

INSERT INTO EVENT_QUEST_PROGRESS (id, member_id, event_quest_id, progress, is_done, created_at, updated_at, is_active) VALUES
(1, 2, 1, 0, false, '2025-07-27 23:59:59', '2025-07-27 23:59:59', true);


INSERT INTO BADGE (id, category_id, key, name, tier, message, requirement, info, created_at, updated_at, is_active) VALUES
-- 청소/정리
(1, 1, 'CLEAN_BRONZE', '먼지털이 초보', 'BRONZE', '청소/정리를 시작했어요!', 5, '청소/정리 루틴 5회 달성', '2025-07-01 00:00:00', '2025-07-01 00:00:00', true),
(2, 1, 'CLEAN_SILVER', '청소 요정', 'SILVER', '이제 조금 익숙해졌어요!', 10, '청소/정리 루틴 10회 달성', '2025-07-01 00:00:00', '2025-07-01 00:00:00', true),
(3, 1, 'CLEAN_GOLD', '청소의 정령 소환사', 'GOLD', '정리왕 등장!', 20, '청소/정리 루틴 20회 달성', '2025-07-01 00:00:00', '2025-07-01 00:00:00', true),
(4, 1, 'CLEAN_PLATINUM', '청소의 대마법사', 'PLATINUM', '먼지조차 도망가요!', 40, '청소/정리 루틴 40회 달성', '2025-07-01 00:00:00', '2025-07-01 00:00:00', true),

-- 세탁/의류
(5, 2, 'LAUNDRY_BRONZE', '빨래 초보', 'BRONZE', '빨래를 시작했어요!', 5, '세탁/의류 루틴 5회 달성', '2025-07-01 00:00:00', '2025-07-01 00:00:00', true),
(6, 2, 'LAUNDRY_SILVER', '양말 요정', 'SILVER', '옷이 점점 향기롭네요!', 10, '세탁/의류 루틴 10회 달성', '2025-07-01 00:00:00', '2025-07-01 00:00:00', true),
(7, 2, 'LAUNDRY_GOLD', '의류 정령 소환사', 'GOLD', '섬유유연제 장인!', 20, '세탁/의류 루틴 20회 달성', '2025-07-01 00:00:00', '2025-07-01 00:00:00', true),
(8, 2, 'LAUNDRY_PLATINUM', '패브릭 마스터', 'PLATINUM', '빨래 마스터 등극!', 40, '세탁/의류 루틴 40회 달성', '2025-07-01 00:00:00', '2025-07-01 00:00:00', true),

-- 쓰레기/환경
(9, 3, 'ECO_BRONZE', '분리수거 초보', 'BRONZE', '환경을 위한 첫걸음!', 5, '쓰레기/환경 루틴 5회 달성', '2025-07-01 00:00:00', '2025-07-01 00:00:00', true),
(10, 3, 'ECO_SILVER', '빨대요정', 'SILVER', '지구가 미소 짓네요!', 10, '쓰레기/환경 루틴 10회 달성', '2025-07-01 00:00:00', '2025-07-01 00:00:00', true),
(11, 3, 'ECO_GOLD', '지구 힐러', 'GOLD', '환경 지킴이!', 20, '쓰레기/환경 루틴 20회 달성', '2025-07-01 00:00:00', '2025-07-01 00:00:00', true),
(12, 3, 'ECO_PLATINUM', ' 제로웨이스트 마법사', 'PLATINUM', '에코 마스터 등극!', 40, '쓰레기/환경 루틴 40회 달성', '2025-07-01 00:00:00', '2025-07-01 00:00:00', true),

-- 요리
(13, 4, 'COOK_BRONZE', '라면 장인', 'BRONZE', '요리를 시작했어요!', 5, '요리 루틴 5회 달성', '2025-07-01 00:00:00', '2025-07-01 00:00:00', true),
(14, 4, 'COOK_SILVER', '한끼 요정', 'SILVER', '요리에 익숙해졌어요!', 10, '요리 루틴 10회 달성', '2025-07-01 00:00:00', '2025-07-01 00:00:00', true),
(15, 4, 'COOK_GOLD', '홈셰프 마스터', 'GOLD', '이젠 셰프 수준이에요!', 20, '요리 루틴 20회 달성', '2025-07-01 00:00:00', '2025-07-01 00:00:00', true),
(16, 4, 'COOK_PLATINUM', '자취 미슐랭 셰프', 'PLATINUM', '당신은 요리 마스터입니다!', 40, '요리 루틴 40회 달성', '2025-07-01 00:00:00', '2025-07-01 00:00:00', true),

-- 소비
(17, 5, 'EXPENSE_BRONZE', '영수증 수집가', 'BRONZE', '지출을 기록하기 시작했어요!', 5, '소비 루틴 5회 달성', '2025-07-01 00:00:00', '2025-07-01 00:00:00', true),
(18, 5, 'EXPENSE_SILVER', '계산기 요정', 'SILVER', '돈 관리에 익숙해졌어요!', 10, '소비 루틴 10회 달성', '2025-07-01 00:00:00', '2025-07-01 00:00:00', true),
(19, 5, 'EXPENSE_GOLD', '가계부 마스터', 'GOLD', '합리적 소비자입니다!', 20, '소비 루틴 20회 달성', '2025-07-01 00:00:00', '2025-07-01 00:00:00', true),
(20, 5, 'EXPENSE_PLATINUM', '머니 위자드', 'PLATINUM', '금융 마스터 등극!', 40, '소비 루틴 40회 달성', '2025-07-01 00:00:00', '2025-07-01 00:00:00', true),

-- 행정
(21, 6, 'OFFICE_BRONZE', '행정 입문자', 'BRONZE', '행정 처리를 시작했어요!', 5, '행정 루틴 5회 달성', '2025-07-01 00:00:00', '2025-07-01 00:00:00', true),
(22, 6, 'OFFICE_SILVER', '우편 요정', 'SILVER', '서류와 친해졌어요!', 10, '행정 루틴 10회 달성', '2025-07-01 00:00:00', '2025-07-01 00:00:00', true),
(23, 6, 'OFFICE_GOLD', '서류 마법사', 'GOLD', '민원 해결 마스터!', 20, '행정 루틴 20회 달성', '2025-07-01 00:00:00', '2025-07-01 00:00:00', true),
(24, 6, 'OFFICE_PLATINUM', '행정 워리어', 'PLATINUM', '공문 마스터 등극!', 40, '행정 루틴 40회 달성', '2025-07-01 00:00:00', '2025-07-01 00:00:00', true),

-- 건강
(25, 7, 'HEALTH_BRONZE', '건강 새싹', 'BRONZE', '건강을 챙기기 시작했어요!', 5, '건강 루틴 5회 달성', '2025-07-01 00:00:00', '2025-07-01 00:00:00', true),
(26, 7, 'HEALTH_SILVER', '헬스 요정', 'SILVER', '몸이 가벼워졌어요!', 10, '건강 루틴 10회 달성', '2025-07-01 00:00:00', '2025-07-01 00:00:00', true),
(27, 7, 'HEALTH_GOLD', '건강 전도사', 'GOLD', '활력 넘치는 하루!', 20, '건강 루틴 20회 달성', '2025-07-01 00:00:00', '2025-07-01 00:00:00', true),
(28, 7, 'HEALTH_PLATINUM', '자기관리 전설', 'PLATINUM', '헬스 마스터 등극!', 40, '건강 루틴 40회 달성', '2025-07-01 00:00:00', '2025-07-01 00:00:00', true),

-- 자기개발
(29, 8, 'GROWTH_BRONZE', '시작이 반이다', 'BRONZE', '첫 걸음을 내디뎠어요!', 5, '자기개발 루틴 5회 달성', '2025-07-01 00:00:00', '2025-07-01 00:00:00', true),
(30, 8, 'GROWTH_SILVER', '갓생요정', 'SILVER', '꾸준함이 실력을 만듭니다!', 10, '자기개발 루틴 10회 달성', '2025-07-01 00:00:00', '2025-07-01 00:00:00', true),
(31, 8, 'GROWTH_GOLD', '성장캐', 'GOLD', '하루하루 쌓인 노력의 힘!', 20, '자기개발 루틴 20회 달성', '2025-07-01 00:00:00', '2025-07-01 00:00:00', true),
(32, 8, 'GROWTH_PLATINUM', '혼자서도 잘하는 사람', 'PLATINUM', '스스로를 만들어가는 당신, 멋져요!', 40, '자기개발 루틴 40회 달성', '2025-07-01 00:00:00', '2025-07-01 00:00:00', true),

-- 외출
(33, 9, 'OUTING_BRONZE', '가벼운 발걸음', 'BRONZE', '밖으로 나가기 시작했어요!', 5, '외출 루틴 5회 달성', '2025-07-01 00:00:00', '2025-07-01 00:00:00', true),
(34, 9, 'OUTING_SILVER', '산책 요정', 'SILVER', '햇볕이 기분 좋아요!', 10, '외출 루틴 10회 달성', '2025-07-01 00:00:00', '2025-07-01 00:00:00', true),
(35, 9, 'OUTING_GOLD', '도시 탐험가', 'GOLD', '산책 마스터!', 20, '외출 루틴 20회 달성', '2025-07-01 00:00:00', '2025-07-01 00:00:00', true),
(36, 9, 'OUTING_PLATINUM', '어반 노마드 마스터', 'PLATINUM', '밖이 제 집 같아요!', 40, '외출 루틴 40회 달성', '2025-07-01 00:00:00', '2025-07-01 00:00:00', true),

-- 출석
(37, null, 'STREAK_BRONZE', '혼라이프 입문자', 'BRONZE', '3일 연속 접속! 시작이 반이죠!', 3, '연속 접속 3일 달성', '2025-07-01 00:00:00', '2025-07-01 00:00:00', true),
(38, null, 'STREAK_SILVER', '혼라이프 루틴 요정', 'SILVER', '일주일 동안 빠짐없이 접속했어요!', 7, '연속 접속 7일 달성', '2025-07-01 00:00:00', '2025-07-01 00:00:00', true),
(39, null, 'STREAK_GOLD', '혼라이프 루틴 마스터', 'GOLD', '2주 동안이나! 멋져요!', 14, '연속 접속 14일 달성', '2025-07-01 00:00:00', '2025-07-01 00:00:00', true),
(40, null, 'STREAK_PLATINUM', '혼라이프 루틴 전설', 'PLATINUM', '한 달 개근! 놀라워요!', 30, '연속 접속 30일 달성', '2025-07-01 00:00:00', '2025-07-01 00:00:00', true);



INSERT INTO MEMBER_BADGE (id, member_id, badge_id, created_at, updated_at, is_active) VALUES
(1, 3, 1, NOW(), NOW(), true),
(2, 3, 2, NOW(), NOW(), true),
(3, 3, 3, NOW(), NOW(), true),
(4, 3, 4, NOW(), NOW(), true),

(5, 2, 5, NOW(), NOW(), true),
(6, 2, 6, NOW(), NOW(), true),
(7, 2, 7, NOW(), NOW(), true),
(8, 2, 8, NOW(), NOW(), true);


-- ITEM 테스트 데이터 (PostgreSQL)
-- item_key: top_item_01 = 청소 모자, top_item_02 = 요리 모자, top_item_03 = 헬스 모자, top_item_04=쇼핑 모자, top_item_05=공부 머리띠
--         : bottom_item_01 = 청소 바지, bottom_item_02 = 요리 바지, bottom_item_03 = 헬스 바지, bottom_item_04 = 쇼핑 바지, bottom_item_05 = 공부 반바지
--         : accessory_item_01 = 청소 마스크, accessory_item_02 =  요리 후라이팬, accessory_item_03 = 헬스 덤벨, accessory_item_04 = 쇼핑 바구니, accessory_item_05 = 연필
-- item_type: TOP, BOTTOM, ACCESSORY
INSERT INTO ITEM (id, "key", name, price, type, created_at, updated_at, is_active,is_listed,description)
VALUES
-- 상의 아이템
(1, 'top_item_01', '청소 모자', 100, 'TOP', '2025-04-04 21:30:00', '2025-04-10 06:15:00', true, true,'먼지가 달라 붙지 않아요!'),
(2, 'top_item_02', '요리 모자', 100, 'TOP', '2025-04-04 21:30:00', '2025-04-10 06:15:00', true,true,'셰프의 혼이 깃든 귀여운 요리 모자'),
(3, 'top_item_03', '헬스 모자', 100, 'TOP', '2025-04-04 21:30:00', '2025-04-10 06:15:00', true,true,'운동할 때 땀도 스타일도 잡아주는 헬스 모자'),
(4, 'top_item_04', '쇼핑 모자', 100, 'TOP', '2025-04-04 21:30:00', '2025-04-10 06:15:00', true,true,'득템의 기운이 느껴지는 쇼핑 모자'),
(5, 'top_item_05', '공부 머리띠', 100, 'TOP', '2025-04-04 21:30:00', '2025-04-10 06:15:00', true,true,'집중력을 높여주는 똑똑이 머리띠'),

-- 하의 아이템
(6, 'bottom_item_01', '청소 바지', 100, 'BOTTOM', '2025-04-04 21:30:00', '2025-04-10 06:15:00', true,true,'활동성이 뛰어난 청소 전용 바지'),
(7, 'bottom_item_02', '요리 바지', 100, 'BOTTOM', '2025-04-04 21:30:00', '2025-04-10 06:15:00', true,true,'주방에서 빛나는 요리사의 바지'),
(8, 'bottom_item_03', '헬스 바지', 100, 'BOTTOM', '2025-04-04 21:30:00', '2025-04-10 06:15:00', true,true,'운동할 때 최고의 움직임을 위한 바지'),
(9, 'bottom_item_04', '쇼핑 바지', 100, 'BOTTOM', '2025-04-04 21:30:00', '2025-04-10 06:15:00', true,true,'지갑보다 가벼운 쇼핑 전용 바지'),
(10, 'bottom_item_05', '공부 바지', 100, 'BOTTOM', '2025-04-04 21:30:00', '2025-04-10 06:15:00', true,true,'앉아있는 시간도 편안한 공부용 바지'),

-- 악세사리 아이템
(11, 'accessory_item_01', '청소 마스크', 100, 'ACCESSORY', '2025-04-04 21:30:00', '2025-04-10 06:15:00', true,true,'먼지 하나 용납 못하는 클린 마스크'),
(12, 'accessory_item_02', '요리 후라이팬', 100, 'ACCESSORY', '2025-04-04 21:30:00', '2025-04-10 06:15:00', true,true,'이걸로 요리하면 무조건 맛있어요'),
(13, 'accessory_item_03', '헬스 바구니', 100, 'ACCESSORY', '2025-04-04 21:30:00', '2025-04-10 06:15:00', true,true,'운동 전 필수품! 준비물은 여기에'),
(14, 'accessory_item_04', '쇼핑 모자', 100, 'ACCESSORY', '2025-04-04 21:30:00', '2025-04-10 06:15:00', true,true,'쇼핑할 때 존재감을 뽐내는 모자'),
(15, 'accessory_item_05', '연필', 100, 'ACCESSORY', '2025-04-04 21:30:00', '2025-04-10 06:15:00', true,true,'한 글자씩 써 내려가는 나의 성장기록');


-- MEMBER_ITEM 테스트 데이터 (PostgreSQL)
INSERT INTO MEMBER_ITEM (id, item_id, member_id, is_equipped, created_at, updated_at, is_active)
VALUES (1, 1, 2, false, '2025-04-04 21:30:00', '2025-04-10 06:15:00', true),
       (2, 2, 2, false, '2025-04-04 21:30:00', '2025-04-10 06:15:00', true),
       (3, 3, 2, false, '2025-04-04 21:30:00', '2025-04-10 06:15:00', true),
       (4, 4, 2, false, '2025-04-04 21:30:00', '2025-04-10 06:15:00', true),
       (5, 5, 2, false, '2025-04-04 21:30:00', '2025-04-10 06:15:00', true);

-- NOTIFICATION 테스트 데이터 (PostgreSQL)
INSERT INTO NOTIFICATION(id, member_id, is_quest, is_routine, is_badge)
VALUES (1, 2, true, true, true),
       (2, 3, true, true, true),
       (3, 4, true, true, true);

-- 배지 획득 가능한 경우 (진행률 >= requirement)
INSERT INTO BADGE_PROGRESS(id, member_id, progress_type, progress_key, count_type, count_value, last_date, created_at, updated_at, is_active) VALUES
(1, 2, 'CATEGORY', '1', 'CUMULATIVE', 100, '2025-01-20', now(), now(), true),
(2, 2, 'CATEGORY', '2', 'CUMULATIVE', 1, '2025-01-20', now(), now(), true),
(3, 2, 'LOGIN', 'DAILY', 'STREAK', 7, '2025-01-25', now(), now(), true);

-- withdrawReason 테스트 데이터
INSERT INTO WITHDRAW_REASON(created_at, id, reason, type)
values ('2025-05-25 18:30:44.000000',1,'1입니다','ETC'),
       ('2025-05-25 18:31:44.000000',2,'2입니다','ETC'),
       ('2025-05-25 18:32:44.000000',3,'3입니다','ETC'),
       ('2025-05-25 18:33:44.000000',4,'4입니다','ETC'),
       ('2025-07-25 18:34:44.000000',5,'5입니다','ETC'),
       ('2025-07-25 18:55:44.000000',6,'6입니다','ETC'),
       ('2025-07-25 18:56:44.000000',7,'7입니다','ETC'),
       ('2025-07-25 18:57:44.000000',8,'8입니다','ETC'),
       ('2025-07-25 18:58:44.000000',9,'9입니다','ETC'),
       ('2025-07-25 18:59:44.000000',10,'10입니다','ETC'),
       ('2025-07-25 19:30:44.000000',11,'11입니다','ETC'),
       ('2025-07-25 19:30:44.000000',12,null,'TOO_MUCH_EFFORT'),
       ('2025-07-25 19:30:44.000000',13,null,'TOO_MUCH_EFFORT'),
       ('2025-07-25 19:30:44.000000',14,null,'TOO_MUCH_EFFORT'),
        ('2025-07-25 19:30:44.000000',15,null,'ROUTINE_MISMATCH'),
        ('2025-07-25 19:30:44.000000',16,null,'ROUTINE_MISMATCH'),
        ('2025-07-25 19:30:44.000000',17,null,'UX_ISSUE'),
        ('2025-07-25 19:30:44.000000',18,null,'MISSING_FEATURE'),
        ('2025-07-25 19:30:44.000000',19,null,'NO_MOTIVATION'),
       ('2025-07-25 19:30:44.000000',20,null,'NO_MOTIVATION'),
       ('2025-07-01 10:30:00', 21, null, 'TOO_MUCH_EFFORT'),
       ('2025-07-02 15:20:00', 22, '앱 사용이 복잡해요', 'ETC'),
       ('2025-07-03 09:45:00', 23, null, 'UX_ISSUE'),
       ('2025-07-26 11:30:00', 24, null, 'ROUTINE_MISMATCH'),
       ('2025-07-27 16:20:00', 25, null, 'NO_MOTIVATION'),
       ('2025-07-28 14:10:00', 26, '다른 앱을 사용하게 되었어요', 'ETC');
       
INSERT INTO notify_list (id, type, name, is_read, member_id, created_at, updated_at, is_active) VALUES
-- 업적 알림
(1,'BADGE', '물 30일 연속 마시기 업적을 달성했습니다!', false, 2,'2025-07-28 10:00:00', '2025-07-28 10:00:00', true),

-- 루틴 알림
(2,'ROUTINE', '오늘 완료하지 않은 루틴이 2개 있습니다', false, 2, '2025-07-28 12:00:00', '2025-07-28 12:00:00', true),

-- 퀘스트 알림
(3,'QUEST', '주간 퀘스트 "일찍 자기"를 완료했어요!', false, 2, '2025-07-27 09:00:00', '2025-07-27 09:00:00', true);

-- 로그인 기록 (방문자 통계용)
INSERT INTO LOGIN_LOG (id, member_id, time) VALUES
-- 2025년 7월 데이터
(1, 2, '2025-07-01 09:30:00'),
(2, 3, '2025-07-01 14:20:00'),
(3, 4, '2025-07-01 19:45:00'),
(4, 2, '2025-07-02 08:15:00'),
(5, 3, '2025-07-02 16:30:00'),
(6, 2, '2025-07-03 10:45:00'),
(7, 4, '2025-07-03 18:20:00'),
(8, 2, '2025-07-04 11:30:00'),
(9, 3, '2025-07-04 15:45:00'),
(10, 4, '2025-07-04 20:10:00'),
(11, 2, '2025-07-05 07:50:00'),
(12, 3, '2025-07-05 13:25:00'),
-- 6월 데이터 (월간 통계용)
(13, 2, '2025-06-28 09:30:00'),
(14, 3, '2025-06-29 14:20:00'),
(15, 4, '2025-06-30 19:45:00'),
-- 최근 몇일 더 추가
(16, 2, '2025-07-25 09:30:00'),
(17, 3, '2025-07-25 14:20:00'),
(18, 4, '2025-07-25 19:45:00'),
(19, 2, '2025-07-26 08:15:00'),
(20, 3, '2025-07-26 16:30:00'),
(21, 2, '2025-07-27 10:45:00'),
(22, 4, '2025-07-27 18:20:00'),
(23, 2, '2025-07-28 11:30:00'),
(24, 3, '2025-07-28 15:45:00'),
(25, 4, '2025-07-29 09:20:00');

